{
  "task_groups": [
    {
      "group_id": 1,
      "defense_drones": [
        "D1"
      ],
      "attack_drones": [
        "A1"
      ],
      "shapley_estimate": 0.09999999999999998,
      "group_size": 2,
      "attack_load": 1,
      "avg_mobility": 0.5175000000000001,
      "avg_power": 0.69955,
      "avg_distance": 9552.084510562105
    }
  ],
  "shapley_values": {
    "A1": -0.01662301258574833,
    "D1": 0.11662301258574831
  },
  "drone_attributes": {
    "A1": {
      "mobility": 0.5,
      "power": 0.5,
      "distance_to_target": 8098.743174098065
    },
    "D1": {
      "mobility": 0.535,
      "power": 0.8991,
      "distance_to_target": 11005.425847026143
    }
  },
  "allocation_metadata": {
    "total_drones": 2,
    "attack_drones_count": 1,
    "defense_drones_count": 1,
    "final_groups_count": 1
  },
  "initial_positions": {
    "A1": {
      "position": [
        6371.0,
        0.0,
        5000
      ],
      "velocity": [
        0.0,
        500.0,
        0
      ],
      "type": "attack"
    },
    "D1": {
      "position": [
        -6230.148630107148,
        1211.0182166941672,
        8991
      ],
      "velocity": [
        -46.628322369997,
        -532.9641634790838,
        0
      ],
      "type": "defense"
    }
  }
}