{
  "task_groups": [
    {
      "group_id": 1,
      "defense_drones": [
        "D1"
      ],
      "attack_drones": [
        "A1"
      ],
      "shapley_estimate": 0.02232116125032127,
      "group_size": 2,
      "attack_load": 1,
      "avg_mobility": 0.453,
      "avg_power": 0.64575,
      "avg_distance": 8505.20728038697
    },
    {
      "group_id": 2,
      "defense_drones": [
        "D2"
      ],
      "attack_drones": [
        "A3"
      ],
      "shapley_estimate": 0.03346473102042036,
      "group_size": 2,
      "attack_load": 1,
      "avg_mobility": 0.469,
      "avg_power": 0.7176,
      "avg_distance": 9086.317091710338
    },
    {
      "group_id": 3,
      "defense_drones": [
        "D3"
      ],
      "attack_drones": [
        "A2"
      ],
      "shapley_estimate": 0.04421410772925834,
      "group_size": 2,
      "attack_load": 1,
      "avg_mobility": 0.548,
      "avg_power": 0.6467,
      "avg_distance": 8288.901540333576
    }
  ],
  "shapley_values": {
    "A1": 0.059249378207308745,
    "A2": 0.059249378207308745,
    "A3": 0.059249378207308745,
    "D1": -0.036928216956987475,
    "D2": -0.025784647186888384,
    "D3": -0.015035270478050405
  },
  "drone_attributes": {
    "A1": {
      "mobility": 0.5,
      "power": 0.5,
      "distance_to_target": 8098.743174098065
    },
    "A2": {
      "mobility": 0.5,
      "power": 0.5,
      "distance_to_target": 8098.743174098065
    },
    "A3": {
      "mobility": 0.5,
      "power": 0.5,
      "distance_to_target": 8098.743174098065
    },
    "D1": {
      "mobility": 0.406,
      "power": 0.7915,
      "distance_to_target": 8911.671386675876
    },
    "D2": {
      "mobility": 0.43799999999999994,
      "power": 0.9352,
      "distance_to_target": 10073.89100932261
    },
    "D3": {
      "mobility": 0.596,
      "power": 0.7934,
      "distance_to_target": 8479.059906569086
    }
  },
  "allocation_metadata": {
    "total_drones": 6,
    "attack_drones_count": 3,
    "defense_drones_count": 3,
    "final_groups_count": 3
  },
  "initial_positions": {
    "A1": {
      "position": [
        6371.0,
        0.0,
        5000.0
      ],
      "velocity": [
        0.0,
        500.0,
        0
      ],
      "type": "attack"
    },
    "A2": {
      "position": [
        6371.0,
        0.0,
        5000.0
      ],
      "velocity": [
        0.0,
        500.0,
        0
      ],
      "type": "attack"
    },
    "A3": {
      "position": [
        6371.0,
        0.0,
        5000.0
      ],
      "velocity": [
        0.0,
        500.0,
        0
      ],
      "type": "attack"
    },
    "D1": {
      "position": [
        -2995.0395774415365,
        -2792.919589543595,
        7915.0
      ],
      "velocity": [
        340.50025058584214,
        221.123448216101,
        0
      ],
      "type": "defense"
    },
    "D2": {
      "position": [
        3708.3359023515904,
        521.1726230733378,
        9352.0
      ],
      "velocity": [
        244.92649172018716,
        -363.1184567791082,
        0
      ],
      "type": "defense"
    },
    "D3": {
      "position": [
        -1404.1910059939346,
        2640.899187374082,
        7934.0
      ],
      "velocity": [
        -288.9465336668168,
        521.27334545508,
        0
      ],
      "type": "defense"
    }
  },
  "task_mode": "attack"
}