{
  "task_groups": [
    {
      "group_id": 1,
      "defense_drones": [
        "D1"
      ],
      "attack_drones": [
        "A3"
      ],
      "shapley_estimate": 0.012191320923701815,
      "group_size": 2,
      "attack_load": 1,
      "avg_mobility": 0.5015000000000001,
      "avg_power": 0.6997,
      "avg_distance": 9216.112996278853
    },
    {
      "group_id": 2,
      "defense_drones": [
        "D2"
      ],
      "attack_drones": [],
      "shapley_estimate": -0.06507704129724251,
      "group_size": 1,
      "attack_load": 0,
      "avg_mobility": 0.422,
      "avg_power": 0.8694,
      "avg_distance": 10757.870908288418
    },
    {
      "group_id": 3,
      "defense_drones": [
        "D3"
      ],
      "attack_drones": [
        "A1"
      ],
      "shapley_estimate": 0.1448581797288777,
      "group_size": 2,
      "attack_load": 1,
      "avg_mobility": 0.4675,
      "avg_power": 0.53225,
      "avg_distance": 8103.4044879734065
    },
    {
      "group_id": 4,
      "defense_drones": [
        "D4"
      ],
      "attack_drones": [
        "A2"
      ],
      "shapley_estimate": 0.008027540644662906,
      "group_size": 2,
      "attack_load": 1,
      "avg_mobility": 0.5155000000000001,
      "avg_power": 0.63905,
      "avg_distance": 8564.542140890757
    }
  ],
  "shapley_values": {
    "A1": 0.07035890812514932,
    "A2": 0.07035890812514932,
    "A3": 0.07035890812514932,
    "D1": -0.058167587201447504,
    "D2": -0.06507704129724251,
    "D3": 0.07449927160372838,
    "D4": -0.06233136748048641
  },
  "drone_attributes": {
    "A1": {
      "mobility": 0.5,
      "power": 0.5,
      "distance_to_target": 8098.743174098065
    },
    "A2": {
      "mobility": 0.5,
      "power": 0.5,
      "distance_to_target": 8098.743174098065
    },
    "A3": {
      "mobility": 0.5,
      "power": 0.5,
      "distance_to_target": 8098.743174098065
    },
    "D1": {
      "mobility": 0.503,
      "power": 0.8994,
      "distance_to_target": 10333.48281845964
    },
    "D2": {
      "mobility": 0.422,
      "power": 0.8694,
      "distance_to_target": 10757.870908288418
    },
    "D3": {
      "mobility": 0.435,
      "power": 0.5645,
      "distance_to_target": 8108.065801848748
    },
    "D4": {
      "mobility": 0.531,
      "power": 0.7781,
      "distance_to_target": 9030.34110768345
    }
  },
  "allocation_metadata": {
    "total_drones": 7,
    "attack_drones_count": 3,
    "defense_drones_count": 4,
    "final_groups_count": 4
  },
  "initial_positions": {
    "A1": {
      "position": [
        6371.0,
        0.0,
        5000
      ],
      "velocity": [
        0.0,
        500.0,
        0
      ],
      "type": "attack"
    },
    "A2": {
      "position": [
        6371.0,
        0.0,
        5000
      ],
      "velocity": [
        0.0,
        500.0,
        0
      ],
      "type": "attack"
    },
    "A3": {
      "position": [
        6371.0,
        0.0,
        5000
      ],
      "velocity": [
        0.0,
        500.0,
        0
      ],
      "type": "attack"
    },
    "D1": {
      "position": [
        5085.007297303763,
        177.5723676930011,
        8994
      ],
      "velocity": [
        -309.6777220888061,
        396.3694090641812,
        0
      ],
      "type": "defense"
    },
    "D2": {
      "position": [
        4321.209124050499,
        4633.929454104905,
        8694
      ],
      "velocity": [
        303.5613957429108,
        293.14583233369683,
        0
      ],
      "type": "defense"
    },
    "D3": {
      "position": [
        4648.216886668073,
        3502.682660704928,
        5645
      ],
      "velocity": [
        -190.69144885324883,
        390.97541014013757,
        0
      ],
      "type": "defense"
    },
    "D4": {
      "position": [
        -1790.6871073961943,
        -4218.594458409415,
        7781
      ],
      "velocity": [
        -334.1691276474639,
        412.6645055336514,
        0
      ],
      "type": "defense"
    }
  }
}