{
  "task_groups": [
    {
      "group_id": 1,
      "defense_drones": [
        "D1"
      ],
      "attack_drones": [
        "A1"
      ],
      "shapley_estimate": -0.13572326949129773,
      "group_size": 2,
      "attack_load": 1,
      "avg_mobility": 0.522,
      "avg_power": 0.732,
      "avg_distance": 8907.54487031788
    },
    {
      "group_id": 2,
      "defense_drones": [
        "D2"
      ],
      "attack_drones": [
        "A2"
      ],
      "shapley_estimate": 0.07784254695306961,
      "group_size": 2,
      "attack_load": 1,
      "avg_mobility": 0.492,
      "avg_power": 0.6326499999999999,
      "avg_distance": 8250.817241166316
    },
    {
      "group_id": 3,
      "defense_drones": [
        "D3"
      ],
      "attack_drones": [
        "A3"
      ],
      "shapley_estimate": 0.15788072253822813,
      "group_size": 2,
      "attack_load": 1,
      "avg_mobility": 0.5389999999999999,
      "avg_power": 0.6319,
      "avg_distance": 8006.6853130341815
    }
  ],
  "shapley_values": {
    "A1": 0.11571159405527512,
    "A2": 0.1157115940552751,
    "A3": 0.1157115940552751,
    "D1": -0.25143486354657285,
    "D2": -0.03786904710220549,
    "D3": 0.042169128482953025
  },
  "drone_attributes": {
    "A1": {
      "mobility": 0.5,
      "power": 0.5,
      "distance_to_target": 8098.743174098065
    },
    "A2": {
      "mobility": 0.5,
      "power": 0.5,
      "distance_to_target": 8098.743174098065
    },
    "A3": {
      "mobility": 0.5,
      "power": 0.5,
      "distance_to_target": 8098.743174098065
    },
    "D1": {
      "mobility": 0.544,
      "power": 0.964,
      "distance_to_target": 9716.346566537699
    },
    "D2": {
      "mobility": 0.484,
      "power": 0.7653,
      "distance_to_target": 8402.891308234568
    },
    "D3": {
      "mobility": 0.578,
      "power": 0.7638,
      "distance_to_target": 7914.627451970298
    }
  },
  "allocation_metadata": {
    "total_drones": 6,
    "attack_drones_count": 3,
    "defense_drones_count": 3,
    "final_groups_count": 3
  },
  "initial_positions": {
    "A1": {
      "position": [
        6371.0,
        0.0,
        5000.0
      ],
      "velocity": [
        0.0,
        500.0,
        0
      ],
      "type": "attack"
    },
    "A2": {
      "position": [
        6371.0,
        0.0,
        5000.0
      ],
      "velocity": [
        0.0,
        500.0,
        0
      ],
      "type": "attack"
    },
    "A3": {
      "position": [
        6371.0,
        0.0,
        5000.0
      ],
      "velocity": [
        0.0,
        500.0,
        0
      ],
      "type": "attack"
    },
    "D1": {
      "position": [
        -355.4199406435236,
        -1162.5262435153454,
        9640.0
      ],
      "velocity": [
        -194.9521645526436,
        507.8677520144776,
        0
      ],
      "type": "defense"
    },
    "D2": {
      "position": [
        -422.8738609304909,
        -3444.031218753074,
        7653.0
      ],
      "velocity": [
        -353.97519158367845,
        330.08720627024934,
        0
      ],
      "type": "defense"
    },
    "D3": {
      "position": [
        72.38835151341392,
        2072.931168670832,
        7638.0
      ],
      "velocity": [
        -363.74718602680616,
        -449.1903657221291,
        0
      ],
      "type": "defense"
    }
  },
  "task_mode": "attack"
}